address,registration_date,gender,phone,birth_date,name,id_card,id,age,email
"*************","2025-03-30T18:13:22","男","13800138001","1993-01-01","张*","**************0011","1","28","z*******@example.com"
"***********","2025-03-30T18:13:22","女","13900139002","1986-01-02","李*","**************0022","2","35","l***@example.com"
"************","2025-03-30T18:13:22","男","13700137003","1979-01-03","王*","**************0033","3","42","w*****@example.com"
"************","2025-03-30T18:13:22","女","13600136004","1990-01-04","赵*","**************0044","4","31","z******@example.com"
"***********","2025-03-30T18:13:22","男","13500135005","1996-01-05","钱*","**************0055","5","25","q*****@example.com"
"************","2025-03-30T18:13:22","女","13400134006","1983-01-06","孙*","**************0066","6","38","s****@example.com"
"***********","2025-03-30T18:13:22","男","13300133007","1976-01-07","周*","**************0077","7","45","z******@example.com"
"***********","2025-03-30T18:13:22","女","13200132008","1992-01-08","吴*","**************0088","8","29","w****@example.com"
"***********","2025-03-30T18:13:22","男","13100131009","1988-01-09","郑**","**************0099","9","33","z*********@example.com"
"************","2025-03-30T18:13:22","女","13000130010","1994-01-10","王**","**************0100","10","27","w********@example.com"
"*********","2025-03-30T18:13:22","女","13901000001","1970-04-11","用***","**************0011","11","21","u*****@example.com"
"*********","2025-03-30T18:13:22","男","13901000002","1970-07-20","用***","**************0012","12","22","u*****@example.com"
"*********","2025-03-30T18:13:22","女","13901000003","1970-10-28","用***","**************0013","13","23","u*****@example.com"
"*********","2025-03-30T18:13:22","男","13901000004","1971-02-05","用***","**************0014","14","24","u*****@example.com"
"*********","2025-03-30T18:13:22","女","13901000005","1971-05-16","用***","**************0015","15","25","u*****@example.com"
"*********","2025-03-30T18:13:22","男","13901000006","1971-08-24","用***","**************0016","16","26","u*****@example.com"
"*********","2025-03-30T18:13:22","女","13901000007","1971-12-02","用***","**************0017","17","27","u*****@example.com"
"*********","2025-03-30T18:13:22","男","13901000008","1972-03-11","用***","**************0018","18","28","u*****@example.com"
"*********","2025-03-30T18:13:22","女","13901000009","1972-06-19","用***","**************0019","19","29","u*****@example.com"
"*********","2025-03-30T18:13:22","男","13901000010","1972-09-27","用***","**************0020","20","30","u*****@example.com"
